error,label
24.271936,0
0.45467564,0
0.458622,0
0.43530333,0
0.42618468,0
0.44984138,0
0.45104417,0
0.47244102,0
0.4773652,0
0.5008267,0
0.52648914,0
0.52783394,0
0.5399204,0
0.53156114,0
0.5896499,0
0.58187467,0
0.5675245,0
0.5455253,0
0.5417665,0
0.5493995,0
0.50995123,0
0.53160226,0
0.55001295,0
0.5567434,0
0.51422095,0
0.5178731,0
0.5381969,0
0.51975447,0
0.55284184,0
0.53856194,0
0.5757557,0
0.5657846,0
0.5256163,0
0.52547336,0
0.5271439,0
0.5071145,0
0.47867817,0
0.49724564,0
0.48593122,0
0.50061697,0
0.47164375,0
0.49879542,0
0.53994226,0
0.5627542,0
0.57198936,0
0.58182687,0
0.59330004,0
0.59354806,0
0.5806127,0
0.58029205,0
0.58597374,0
0.5653053,0
0.56656396,0
0.51203257,0
0.528594,0
0.5227651,0
0.54342407,0
0.53300077,0
0.52681637,0
0.5020886,0
0.53412044,0
0.5466125,0
0.5324765,0
0.5667297,0
0.5468324,0
0.53163874,0
0.49743912,0
0.4790679,0
0.488058,0
0.48314232,0
0.49773896,0
0.4852991,0
0.47262025,0
0.439417,0
0.44689503,0
0.4570695,0
0.4613133,0
0.48988602,0
0.47792608,0
0.49875566,0
0.44529876,0
0.47102568,0
0.49546635,0
0.5071254,0
0.51305616,0
0.5111731,0
0.5318136,0
0.5354573,0
0.56115675,0
0.55435646,0
0.56528395,0
0.55935395,0
0.53478307,0
0.54056823,0
0.53339857,0
0.5347289,0
0.5098743,0
0.4867781,0
0.4450947,0
0.42531943,0
0.42064553,0
0.40296972,0
0.41483474,0
0.45610666,0
0.4358161,0
0.46091324,0
0.4595773,0
0.45685342,0
0.49645838,0
0.5072401,0
0.50233245,0
0.49221784,0
0.47815263,0
0.4518789,0
0.4727392,0
0.48820722,0
0.48014757,0
0.50693244,0
0.48562998,0
0.50059277,0
0.50949544,0
0.5024144,0
0.544015,0
0.5304668,0
0.52116245,0
0.49031612,0
0.49772677,0
0.49702728,0
0.4975382,0
0.49774697,0
0.49069947,0
0.50852704,0
0.47854403,0
0.477961,0
0.47499967,0
0.50391877,0
0.52081203,0
0.49653205,0
0.4711555,0
0.4811628,0
0.478108,0
0.45481753,0
0.46961042,0
0.4554668,0
0.4500317,0
0.44861642,0
0.44256732,0
0.45707732,0
0.49176002,0
0.47560522,0
0.5050478,0
0.51904005,0
0.5314533,0
0.52773947,0
0.5232626,0
0.51445353,0
0.51381594,0
0.5142915,0
0.4951065,0
0.5479499,0
0.52545476,0
0.5376098,0
0.52262086,0
0.53728175,0
0.53678465,0
0.53605324,0
0.5424013,0
0.5439693,0
0.51507384,0
0.46326828,0
0.46788466,0
0.47696093,0
0.47753236,0
0.4903556,0
0.50066924,0
0.4872473,0
0.45506406,0
0.4682329,0
0.47209445,0
0.4946692,0
0.54561424,0
0.5565482,0
0.5643582,0
0.5371428,0
0.5238941,0
0.53486276,0
0.5699757,0
0.5740834,0
0.6133964,0
0.62273127,0
0.60060686,0
0.5580539,0
0.5442668,0
0.55520713,0
0.5756882,0
0.5770212,0
0.5774314,0
0.555348,0
0.558255,0
0.55638355,0
0.54167855,0
0.52578074,0
0.52898234,0
0.5528286,0
0.542274,0
0.5360927,0
0.53032047,0
0.58535737,0
0.5982791,0
0.58515936,0
0.55143416,0
0.5550078,0
0.549045,0
0.533256,0
0.5648087,0
0.55424905,0
0.5509997,0
0.49978912,0
0.43191844,0
0.44446874,0
0.44881052,0
0.45722264,0
0.45935255,0
0.49813628,0
0.45913473,0
0.45608613,0
0.48285228,0
0.49647602,0
0.48787224,0
0.4792754,0
0.5194449,0
0.5488688,0
0.5580712,0
0.5417932,0
0.5532773,0
0.5381016,0
0.5464024,0
0.55699563,0
0.55919313,0
0.5529378,0
0.5438191,0
0.5071488,0
0.50745666,0
0.5097726,0
0.50109255,0
0.525434,0
0.5087993,0
0.491939,0
0.5077458,0
0.5503125,0
0.5332935,0
0.54593223,0
0.5823087,0
0.567595,0
0.5795731,0
0.5548842,0
0.537787,0
0.5370065,0
0.526385,0
0.49611017,0
0.5041771,0
0.50791836,0
0.4884014,0
0.4662965,0
0.44161028,0
0.44880682,0
0.45396385,0
0.4378893,0
0.43066928,0
0.44316933,0
0.43647742,0
0.41566288,0
0.38620475,0
0.40463987,0
0.4041734,0
0.392197,0
0.4102776,0
0.41858286,0
0.42356834,0
0.4063246,0
0.41751683,0
0.42358607,0
0.46199754,0
0.44546282,0
0.46472016,0
0.49149886,0
0.4823508,0
0.47857803,0
0.46783355,0
0.47489557,0
0.45286074,0
0.47263893,0
0.4475094,0
0.46125245,0
0.45690113,0
0.42078438,0
0.4345831,0
0.44712222,0
0.46996972,0
0.46133226,0
0.47675034,0
0.48520613,0
0.4981438,0
0.49050355,0
0.52329713,0
0.55179054,0
0.53988534,0
0.55876744,0
0.571534,0
0.5785741,0
0.56534857,0
0.5551102,0
0.53920114,0
0.5339265,0
0.5042231,0
0.48707804,0
0.49534,0
0.50237,0
0.47731602,0
0.47628087,0
0.47356728,0
0.4827257,0
0.49593946,0
0.5072382,0
0.4936988,0
0.5150125,0
0.4999854,0
0.48763806,0
0.4913711,0
0.48306444,0
0.4936348,0
0.47372755,0
0.49089852,0
0.48636904,0
0.5016189,0
0.4809469,0
0.50440603,0
0.5002101,0
0.5057958,0
0.504507,0
0.48891574,0
0.4884025,0
0.4673322,0
0.49563655,0
0.493318,0
0.51384914,0
0.48069727,0
0.5055487,0
0.504061,0
0.5139987,0
0.51952153,0
0.5169656,0
0.5363671,0
0.51941913,0
0.5250864,0
0.5004873,0
0.53799593,0
0.5002113,0
0.49865302,0
0.50744194,0
0.51007986,0
0.533973,0
0.5322181,0
0.51347816,0
0.4950933,0
0.49482006,0
0.47133324,0
0.46804377,0
0.4869644,0
0.46822962,0
0.4643792,0
0.46062285,0
0.4215237,0
0.4330024,0
0.43952712,0
0.44467762,0
0.4302694,0
0.4493496,0
0.4563863,0
0.4679214,0
0.47660196,0
0.45572814,0
0.46979958,0
0.47961655,0
0.5140834,0
0.5273835,0
0.5368941,0
0.5515921,0
0.5294518,0
0.51700556,0
0.51909184,0
0.5325104,0
0.5191385,0
0.5239512,0
0.49903312,0
0.49416655,0
0.5009114,0
0.5186176,0
0.53012115,0
0.537041,0
0.50710654,0
0.4724534,0
0.47214815,0
0.496937,0
0.5100929,0
0.51383454,0
0.53494513,0
0.4894314,0
0.508989,0
0.5153239,0
0.52837425,0
0.5400143,0
0.5511163,0
0.51667726,0
0.49137768,0
0.5012189,0
0.4947494,0
0.50815654,0
0.4980098,0
0.5319545,0
0.5395386,0
0.5713394,0
0.58227885,0
0.57980764,0
0.58719283,0
0.56815344,0
0.55585027,0
0.5771073,0
0.5537328,0
0.49939066,0
0.49938527,0
0.46970847,0
0.43383697,0
0.42759332,0
0.46742478,0
0.47481158,0
0.49150714,0
0.47824714,0
0.51133525,0
0.51902395,0
0.5313972,0
0.5335618,0
0.5487637,0
0.56417465,0
0.52847195,0
0.51135653,0
0.5256571,0
0.5183012,0
0.49506405,0
0.49472728,0
0.47928324,0
0.4551585,0
0.475809,0
0.464101,0
0.46319348,0
0.47630468,0
0.45750463,0
0.46556613,0
0.46839347,0
0.4591668,0
0.44498712,0
0.45497185,0
0.4320126,0
0.45324984,0
0.48092633,0
0.4628098,0
0.47053698,0
0.47148764,0
0.45808116,0
0.4757085,0
0.5124397,0
0.5150978,0
0.5318745,0
0.5256532,0
0.4933425,0
0.48832646,0
0.49082267,0
0.48295704,0
0.50475854,0
0.4989015,0
0.4634667,0
0.47767773,0
0.4949613,0
0.485623,0
0.5377677,0
0.55797195,0
0.5434595,0
0.5385174,0
0.5249868,0
0.5219178,0
0.5221318,0
0.5242854,0
0.4897927,0
0.51033473,0
0.47120523,0
0.47736546,0
0.4868268,0
0.4841079,0
0.4657843,0
0.45412177,0
0.4442341,0
0.45855588,0
0.45460653,0
0.44165674,0
0.4401807,0
0.4164981,0
0.44180366,0
0.46804824,0
0.4835815,0
0.48054835,0
0.49429283,0
0.4773928,0
0.4981265,0
0.50444174,0
0.49555495,0
0.51447004,0
0.4974211,0
0.49360704,0
0.48055518,0
0.49248272,0
0.50216246,0
0.49288294,0
0.47978508,0
0.47308487,0
0.48804355,0
0.46133843,0
0.45824528,0
0.44990298,0
0.46035767,0
0.48623636,0
0.4800883,0
0.4647375,0
0.49499506,0
0.49889857,0
0.4850656,0
0.49819472,0
0.4909472,0
0.4760979,0
0.4564975,0
0.43168205,0
0.42535138,0
0.46183845,0
0.44935682,0
0.48662502,0
0.48747426,0
0.4839511,0
0.48901665,0
0.46681753,0
0.4727674,0
0.478878,0
0.5245229,0
0.5006812,0
0.47268227,0
0.48408788,0
0.49052212,0
0.49794304,0
0.49636415,0
0.509765,0
0.4934991,0
0.5048646,0
0.46478724,0
0.4551383,0
0.49379307,0
0.47296044,0
0.48097813,0
0.46699876,0
0.48492524,0
0.49542275,0
0.49306467,0
0.47477132,0
0.49775535,0
0.5075102,0
0.5065379,0
0.49153736,0
0.48943922,0
0.48004323,0
0.47359875,0
0.46307424,0
0.4590543,0
0.49037626,0
0.47047386,0
0.4584388,0
0.45655033,0
0.45966664,0
0.4374258,0
0.45642266,0
0.47361916,0
0.48506027,0
0.5436338,0
0.5237943,0
0.52124006,0
0.5278235,0
0.50426,0
0.51428485,0
0.5170548,0
0.51124156,0
0.49040473,0
0.4808493,0
0.47089657,0
0.4602139,0
0.48154008,0
0.4847572,0
0.49321726,0
0.4974304,0
0.50394416,0
0.5175229,0
0.50786096,0
0.5233787,0
0.49631003,0
0.49513742,0
0.49864703,0
0.5048473,0
0.51284724,0
0.4977219,0
0.51381093,0
0.5068846,0
0.5099414,0
0.4812343,0
0.48861095,0
0.47332972,0
0.45459163,0
0.4440161,0
0.42599186,0
0.43304753,0
0.4111667,0
0.4169356,0
0.4281452,0
0.4231844,0
0.40858325,0
0.43205702,0
0.4546323,0
0.45352635,0
0.4735183,0
0.4677853,0
0.4733154,0
0.46233046,0
0.48943424,0
0.5255145,0
0.55796087,0
0.5518496,0
0.55087763,0
0.5671922,0
0.5473935,0
0.56240356,0
0.55090046,0
0.5328247,0
0.48871395,0
0.46838823,0
0.43375003,0
0.43722418,0
0.437602,0
0.41618195,0
0.42065567,0
0.4177422,0
0.44524556,0
0.45765868,0
0.47371846,0
0.48827946,0
0.49319515,0
0.53150046,0
0.52699745,0
0.55310404,0
0.5668641,0
0.55762464,0
0.5451952,0
0.5465296,0
0.5435833,0
0.52650285,0
0.52309525,0
0.50142956,0
0.46780887,0
0.4544172,0
0.45470828,0
0.49155805,0
0.52308035,0
0.519235,0
0.5021275,0
0.49572638,0
0.4829833,0
0.50009847,0
0.51734096,0
0.5096075,0
0.4880616,0
0.4438536,0
0.44750106,0
0.45718297,0
0.47545093,0
0.49257633,0
0.49137965,0
0.48778602,0
0.50469977,0
0.5335092,0
0.5323144,0
0.54868746,0
0.5182008,0
0.54801226,0
0.5474377,0
0.5290611,0
0.55424297,0
0.541535,0
0.54312867,0
0.5411461,0
0.56453377,0
0.5808281,0
0.5878829,0
0.5923712,0
0.5901604,0
0.59431344,0
0.59290314,0
0.5901155,0
0.5686227,0
0.5452515,0
0.5257195,0
0.5101168,0
0.50766,0
0.4623413,0
0.4499629,0
0.43351257,0
0.44212598,0
0.4417172,0
0.45205915,0
0.44760102,0
0.44294927,0
0.4372215,0
0.43583384,0
0.43209657,0
0.44077227,0
0.47015086,0
0.443495,0
0.4318276,0
0.45280108,0
0.4391319,0
0.42646158,0
0.4193539,0
0.42930633,0
0.44840497,0
0.47161728,0
0.47136667,0
0.4701666,0
0.45435914,0
0.4173522,0
0.46117324,0
0.51859677,0
0.52837545,0
0.53090465,0
0.5486932,0
0.5231434,0
0.5246502,0
0.53536975,0
0.5503927,0
0.5559143,0
0.51157844,0
0.47606963,0
0.47835338,0
0.49199873,0
0.51714134,0
0.5384243,0
0.5179428,0
0.5206672,0
0.51934814,0
0.51916105,0
0.5153533,0
0.52494997,0
0.54527044,0
0.5449901,0
0.5304163,0
0.5073101,0
0.5080906,0
0.5028839,0
0.51616246,0
0.53276545,0
0.53806514,0
0.51174814,0
0.46654174,0
0.43621445,0
0.41738874,0
0.41029584,0
0.41103968,0
0.41619894,0
0.439495,0
0.44907948,0
0.43597046,0
0.45131135,0
0.48340616,0
0.5006398,0
0.50449514,0
0.5069418,0
0.5226888,0
0.52858555,0
0.4950546,0
0.5043974,0
0.51645947,0
0.5360208,0
0.4901909,0
0.4738196,0
0.46542168,0
0.45263326,0
0.4430439,0
0.41724634,0
0.4450156,0
0.45297283,0
0.47598478,0
0.46368316,0
0.5121094,0
0.54115057,0
0.5459194,0
0.5785155,0
0.60903496,0
0.6051547,0
0.5724764,0
0.546976,0
0.51359254,0
0.5145326,0
0.47267687,0
0.44137767,0
0.45709935,0
0.43493825,0
0.4223121,0
0.42108196,0
0.43555418,0
0.44465578,0
0.46914586,0
0.45892906,0
0.457738,0
0.45651892,0
0.44843,0
0.4627571,0
0.47199237,0
0.47262427,0
0.47158164,0
0.47571042,0
0.5087795,0
0.5144165,0
0.5084888,0
0.5108019,0
0.5289318,0
0.5093395,0
0.5156621,0
0.5105388,0
0.54323405,0
0.544257,0
0.5368016,0
0.5800331,0
0.56012213,0
0.55920154,0
0.5494879,0
0.57619387,0
0.5756514,0
0.60562444,0
0.5722432,0
0.5634636,0
0.5462868,0
0.51379895,0
0.53282803,0
0.538694,0
0.5403292,0
0.5116652,0
0.49184722,0
0.47115633,0
0.486413,0
0.48637077,0
0.46574757,0
0.5132203,0
0.50410247,0
0.5414656,0
0.53761077,0
0.557689,0
0.57393783,0
0.55733216,0
0.5356732,0
0.51998717,0
0.5517338,0
0.5131206,0
0.5197444,0
0.5068029,0
0.5073587,0
0.520924,0
0.5044688,0
0.50244224,0
0.49788007,0
0.5117634,0
0.48634374,0
0.48563176,0
0.49263796,0
0.4927651,0
0.4943331,0
0.4844361,0
0.48993203,0
0.51574767,0
0.5290667,0
0.51714486,0
0.53602296,0
0.535581,0
0.5124652,0
0.5025022,0
0.5186283,0
0.50635296,0
0.5195478,0
0.52624506,0
0.52480406,0
0.54567486,0
0.5184474,0
0.51105076,0
0.5362503,0
0.5364031,0
0.53620726,0
0.5300334,0
0.5416319,0
0.5231737,0
0.5210426,0
0.5027042,0
0.4988483,0
0.5141714,0
0.51161927,0
0.49437606,0
0.5050337,0
0.5063934,0
0.47158957,0
0.49176636,0
0.49394426,0
0.49525246,0
0.48768598,0
0.48025677,0
0.49102154,0
0.48663667,0
0.44956106,0
0.43872774,0
0.47485206,0
0.43287852,0
0.44079638,0
0.46641487,0
0.49794626,0
0.48531634,0
0.46600503,0
0.44843236,0
0.45099106,0
0.45234054,0
0.4506509,0
0.48335648,0
0.48595828,0
0.4908373,0
0.4653144,0
0.49431273,0
0.50538677,0
0.53278255,0
0.5417469,0
0.557062,0
0.5463854,0
0.5455574,0
0.5368408,0
0.5219897,0
0.5399806,0
0.5329322,0
0.5529753,0
0.5349504,0
0.5245601,0
0.5167607,0
0.5173063,0
0.48544523,0
0.48451865,0
0.46690577,0
0.4396652,0
0.42994216,0
0.3940048,0
0.41997537,0
0.44596857,0
0.45407286,0
0.43051878,0
0.41439238,0
0.39989328,0
0.43031403,0
0.4536577,0
0.45470497,0
0.46065307,0
0.45004377,0
0.46390858,0
0.4565794,0
0.4717914,0
0.52653795,0
0.53739613,0
0.53191,0
0.5708191,0
0.588764,0
0.6101271,0
0.60832727,0
0.5929271,0
0.61379695,0
0.6121804,0
0.5946046,0
0.6137664,0
0.60803473,0
0.5662127,0
0.54468143,0
0.52256393,0
0.51093006,0
0.5212362,0
0.518365,0
0.5162987,0
0.4968528,0
0.45833814,0
0.45560846,0
0.45690045,0
0.4676847,0
0.46501967,0
0.469073,0
0.43836823,0
0.42004064,0
0.4078448,0
0.41473067,0
0.43707854,0
0.44136098,0
0.435718,0
0.4385608,0
0.42705634,0
0.42835146,0
0.4480673,0
0.47306266,0
0.47270665,0
0.4878822,0
0.4774159,0
0.47802478,0
0.49233517,0
0.4954161,0
0.47912216,0
0.47221357,0
0.48288962,0
0.46197808,0
0.4639929,0
0.43387312,0
0.41153905,0
0.4536301,0
0.44340187,0
0.4282055,0
0.46458113,0
0.47402468,0
0.49512592,0
0.48228577,0
0.48970327,0
0.4794533,0
0.5203598,0
0.48647517,0
0.50660753,0
0.525176,0
0.53792065,0
0.5501479,0
0.52332187,0
0.5199137,0
0.50463283,0
0.50451595,0
0.4757704,0
0.49407202,0
0.47657806,0
0.48852637,0
0.46193773,0
0.47387943,0
0.48778474,0
0.4937883,0
0.48796877,0
0.50084615,0
0.50941414,0
0.50032085,0
0.50208515,0
0.4834324,0
0.49067718,0
0.48198545,0
0.45030797,0
0.48599157,0
0.5226298,0
0.52038306,0
0.5280585,0
0.537744,0
0.5235187,0
0.5249149,0
0.50299937,0
0.51341397,0
0.51575816,0
0.47543395,0
0.43169186,0
0.45937425,0
0.4535163,0
0.44617605,0
0.45927045,0
0.5082051,0
0.53273845,0
0.511031,0
0.51263,0
0.5121615,0
0.52131456,0
0.49060583,0
0.46351764,0
0.46063632,0
0.45515558,0
0.44973665,0
0.4207867,0
0.41291195,0
0.42893127,0
0.4495871,0
0.45558357,0
0.46767992,0
0.47732803,0
0.46291187,0
0.47743455,0
0.42324287,0
0.45788306,0
0.4604908,0
0.49799246,0
0.4996404,0
0.49424222,0
0.51707524,0
0.518029,0
0.52564955,0
0.51269287,0
0.5448957,0
0.50193936,0
0.5012245,0
0.4810763,0
0.4944875,0
0.4940294,0
0.51938504,0
0.5221357,0
0.5263002,0
0.5470433,0
0.5266128,0
0.5617418,0
0.55680454,0
0.52112824,0
0.51593643,0
0.52140814,0
0.5256613,0
0.53886795,0
0.5337423,0
0.48600486,0
0.494429,0
0.48445308,0
0.4983263,0
0.5274627,0
0.52882624,0
0.5312447,0
0.49851286,0
0.46400082,0
0.4821772,0
0.501047,0
0.49385867,0
0.5048317,0
0.4940896,0
0.45754513,0
0.4498499,0
0.43014497,0
0.41545725,0
0.43747586,0
0.42550445,0
0.44773462,0
0.4723,0
0.48241273,0
0.48349285,0
0.5179426,0
0.5693592,0
0.6074047,0
0.6091965,0
0.6012118,0
0.60209733,0
0.5901503,0
0.59519506,0
0.57390004,0
0.56833506,0
0.5309223,0
0.477226,0
0.46610215,0
0.46651855,0
0.47420457,0
0.48235437,0
0.43336278,0
0.4510328,0
0.45502815,0
0.49329492,0
0.51212305,0
0.51225865,0
0.53307277,0
0.5375635,0
0.53166556,0
0.5478785,0
0.5619099,0
0.57250756,0
0.57891715,0
0.54010755,0
0.5422405,0
0.55926776,0
0.51920104,0
0.5365948,0
0.5861558,0
0.5603494,0
0.554111,0
0.54474825,0
0.56147444,0
0.55199164,0
0.56116515,0
0.54141855,0
0.5543233,0
0.535173,0
0.5000254,0
0.5101327,0
0.51817155,0
0.5231926,0
0.52715784,0
0.5274628,0
0.50922006,0
0.49266437,0
0.4981546,0
0.50194436,0
0.4822052,0
0.47156635,0
0.46313944,0
0.45579633,0
0.4210526,0
0.444819,0
0.45751598,0
0.4749585,0
0.4551834,0
0.44828698,0
0.44026878,0
0.4392585,0
0.45211315,0
0.4679175,0
0.49599192,0
0.50247043,0
0.48924705,0
0.4872867,0
0.49659985,0
0.4999007,0
0.51366234,0
0.5212729,0
0.52663153,0
0.52856445,0
0.5272281,0
0.5127499,0
0.5262788,0
0.536969,0
0.5531237,0
0.5789604,0
0.59800446,0
0.5887795,0
0.60453194,0
0.61615205,0
0.57694215,0
0.56555915,0
0.58722425,0
0.6127561,0
0.58722234,0
0.5904246,0
0.5699996,0
0.56043965,0
0.5148101,0
0.5300992,0
0.54111344,0
0.57023615,0
0.53501654,0
0.50194037,0
0.5357926,0
0.52888113,0
0.5176141,0
0.5160415,0
0.51414037,0
0.50028324,0
0.48586494,0
0.50561607,1
0.5348335,1
0.56347126,1
0.5860622,1
0.59395295,1
0.6416083,1
0.7038129,1
0.7405596,1
0.8324116,1
0.88657707,1
0.90738195,1
0.92527956,1
0.9268829,1
0.86278415,1
0.84914964,1
0.78963566,1
0.7539624,1
0.7635895,1
0.6664678,1
0.6652583,1
0.60683084,1
0.5599814,1
0.5449129,0
0.5159126,0
0.5172656,0
0.5022563,0
0.5067718,0
0.50725895,0
0.5203106,0
0.52042365,0
0.53637755,0
0.5382624,0
0.5282603,0
0.557495,0
0.5472655,0
0.5705878,0
0.5615424,0
0.532036,0
0.5247398,0
0.5305815,0
0.543859,0
0.5238108,0
0.5199047,0
0.47701082,0
0.4766996,0
0.48100117,0
0.49472022,0
0.5058384,0
0.49332348,0
0.47421417,0
0.4340006,0
0.43004692,0
0.41966614,0
0.43289125,0
0.41354793,0
0.39966065,0
0.3951596,0
0.37374163,0
0.39740276,0
0.4031831,0
0.42573175,0
0.43292493,0
0.46432316,0
0.46273792,0
0.4693763,0
0.4914046,0
0.5053273,0
0.50860643,0
0.53505266,0
0.5361383,0
0.5095523,0
0.51369244,0
0.5121659,0
0.52378786,0
0.50904226,0
0.5149262,0
0.49861726,0
0.53233504,0
0.50646096,0
0.53794646,0
0.5598222,0
0.5374139,0
0.5648505,0
0.56617445,0
0.5723622,0
0.5821003,0
0.6089733,0
0.5802437,0
0.57368857,0
0.5447721,0
0.53017265,0
0.5490691,0
0.50536036,0
0.48748937,0
0.51226157,0
0.49066302,0
0.4550399,0
0.48341915,0
0.4855522,0
0.53071254,0
0.54053676,0
0.54835546,0
0.52955633,0
0.5183404,0
0.52869236,0
0.5406822,0
0.54459083,0
0.5331566,0
0.559955,0
0.5324619,0
0.53650504,0
0.5129067,0
0.5120033,0
0.5141162,0
0.46739036,0
0.45231757,0
0.44132134,0
0.4418076,0
0.41686553,0
0.40728885,0
0.4195663,0
0.48668814,0
0.5057264,0
0.5095754,0
0.5252645,0
0.532411,0
0.53290236,0
0.53696525,0
0.55391496,0
0.5207445,0
0.52544856,0
0.49585012,0
0.48379096,0
0.46889976,0
0.43894532,0
0.472302,0
0.47706816,0
0.4539411,0
0.4355156,0
0.4737098,0
0.4644383,0
0.43844926,0
0.44057512,0
0.45095792,0
0.46980542,0
0.43961743,0
0.45515043,0
0.46385142,0
0.47064805,0
0.4843212,0
0.4813301,0
0.4989045,0
0.48405066,0
0.5194582,0
0.5158491,0
0.54117304,0
0.5546997,0
0.5722849,0
0.578931,0
0.5300121,0
0.5168867,0
0.51078117,0
0.52390426,0
0.5208996,0
0.52713317,0
0.4984271,0
0.48686916,0
0.5096956,0
0.50717384,0
0.52881104,0
0.53382343,0
0.53531367,0
0.53417575,0
0.5140008,0
0.4974854,0
0.5162636,0
0.513398,0
0.4904992,0
0.49407923,0
0.4801015,0
0.473064,0
0.46438146,0
0.4590302,0
0.47584176,0
0.48248446,0
0.46076986,0
0.5143603,0
0.49656627,0
0.5089726,0
0.50492823,0
0.53280205,0
0.57489455,0
0.5786504,0
0.56062865,0
0.5545957,0
0.5630362,0
0.5173524,0
0.53351426,0
0.5370325,0
0.5237366,0
0.51642895,0
0.46204266,0
0.4734476,0
0.46334177,0
0.49147466,0
0.492316,0
0.51309615,0
0.52393866,0
0.5018773,0
0.485026,0
0.46586204,0
0.48891902,0
0.49763525,0
0.5032493,0
0.49018717,0
0.48260075,0
0.48810026,0
0.49996927,0
0.52883154,0
0.520878,0
0.5345744,0
0.51547563,0
0.51495475,0
0.51254267,0
0.49919608,0
0.5372948,0
0.49529612,0
0.5036592,0
0.48834532,0
0.51212543,0
0.49992242,0
0.514995,0
0.5072147,0
0.51354694,0
0.5168386,0
0.48871318,0
0.52134746,0
0.49811122,0
0.49830714,0
0.5036365,0
0.5077024,0
0.49059132,0
0.48722452,0
0.46935856,0
0.5035923,0
0.48553193,0
0.47092256,0
0.48065534,0
0.46322528,0
0.45394427,0
0.4439194,0
0.46174312,0
0.46185204,0
0.46837243,0
0.46298984,0
0.47107938,0
0.4545487,0
0.46553308,0
0.4683769,0
0.46694118,0
0.48497838,0
0.45481974,0
0.47127452,0
0.47978854,0
0.4614802,0
0.44953924,0
0.47442368,0
0.46175194,0
0.46072042,0
0.47938076,0
0.48496097,0
0.5092381,0
0.4849501,0
0.49696264,0
0.47894633,0
0.4927725,0
0.49881843,0
0.5011482,0
0.5338557,0
0.55217385,0
0.53682244,0
0.54553586,0
0.57262164,0
0.5842186,0
0.61581725,0
0.6149194,0
0.5967615,0
0.6059776,0
0.57786155,0
0.5588791,0
0.58226115,0
0.624329,0
0.6282065,0
0.58663636,0
0.5787007,0
0.57643205,0
0.62922764,0
0.6290677,0
0.6402806,0
0.6493278,0
0.63573897,0
0.5865688,0
0.570331,0
0.5711654,0
0.5602481,0
0.56513304,0
0.50911224,0
0.5091914,0
0.50932115,0
0.48218825,0
0.49641857,0
0.51561135,0
0.50910944,0
0.5111399,0
0.4967117,0
0.49906787,0
0.51631504,0
0.5225197,0
0.49960893,0
0.51242214,0
0.5022598,0
0.45954892,0
0.43505415,0
0.42098063,0
0.4622629,0
0.450838,0
0.466986,0
0.44508624,0
0.4351634,0
0.42577687,0
0.4312604,0
0.4525164,0
0.46673578,0
0.46795812,0
0.43423614,0
0.44682816,0
0.4311994,0
0.4457925,0
0.46045274,0
0.4920551,0
0.48617923,0
0.48538178,0
0.48318988,0
0.49316043,0
0.492214,0
0.50644845,0
0.4876128,0
0.49557427,0
0.49258566,0
0.49306852,0
0.5160195,0
0.51308435,0
0.514152,0
0.505673,0
0.5572901,0
0.54878926,0
0.56165344,0
0.5623454,0
0.55900514,0
0.5286738,0
0.54281384,0
0.56150866,0
0.5508929,0
0.54214156,0
0.4941909,0
0.47776335,0
0.4578005,0
0.4475428,0
0.4933062,0
0.48074326,0
0.4934587,0
0.47232857,0
0.50779855,0
0.5498969,0
0.56301296,0
0.5588335,0
0.5690958,0
0.5810544,0
0.56293696,0
0.5732608,0
0.5450008,0
0.55874467,0
0.52539563,0
0.47871855,0
0.47679678,0
0.5047856,0
0.5158871,0
0.5275277,0
0.5387633,0
0.5220196,0
0.51098555,0
0.5014451,0
0.5165068,0
0.507983,0
0.5024834,0
0.46386918,0
0.43465027,0
0.4319903,0
0.39452022,0
0.41663545,0
0.42491862,0
0.4384648,0
0.41238436,0
0.4423762,0
0.44762078,0
0.45261565,0
0.48502672,0
0.4847594,0
0.48529002,0
0.48072463,0
0.47984016,0
0.4980715,0
0.5235196,0
0.54443055,0
0.5503749,0
0.5407672,0
0.51303256,0
0.49903968,0
0.49352068,0
0.47838423,0
0.49363106,0
0.4612411,0
0.47172302,0
0.40854827,0
0.4070814,0
0.40454003,0
0.41601896,0
0.41432577,0
0.43722466,0
0.45979682,0
0.4377919,0
0.44139647,0
0.44388643,0
0.4554509,0
0.48147038,0
0.4868461,0
0.4788427,0
0.48560598,0
0.4935247,0
0.4900672,0
0.49321935,0
0.48400217,0
0.48776233,0
0.5100978,0
0.48678377,0
0.48729974,1
0.5060037,1
0.5108806,1
0.5019554,1
0.5193662,1
0.5359,1
0.55300736,1
0.5573964,1
0.5405833,1
0.5698382,1
0.5992973,1
0.5795773,1
0.5698723,1
0.5768448,1
0.56858224,1
0.56417155,1
0.5557087,1
0.55753374,1
0.5688073,1
0.5442698,1
0.503903,1
0.49849156,1
0.4919486,0
0.4753632,0
0.45165852,0
0.44308016,0
0.46785048,0
0.47450325,0
0.47093606,0
0.48633355,0
0.4911095,0
0.5310295,0
0.5452877,0
0.5561776,0
0.56126493,0
0.5760892,0
0.5585023,0
0.5498851,0
0.51706094,0
0.48930275,0
0.5101546,0
0.46802014,0
0.49387258,0
0.5042092,0
0.52191323,0
0.52368504,0
0.5111257,0
0.49171433,0
0.5093651,0
0.5111876,0
0.510996,0
0.5194619,0
0.4766538,0
0.46443552,0
0.45487767,0
0.43840727,0
0.44029865,0
0.44530272,0
0.44420385,0
0.4440256,0
0.44232497,0
0.43944967,0
0.48046687,0
0.47979817,0
0.466169,0
0.4711227,0
0.4991645,0
0.48477834,0
0.46877426,0
0.48751995,0
0.48576665,0
0.50123495,0
0.4814463,0
0.4552234,0
0.4404116,0
0.4384038,0
0.45057505,0
0.47897065,0
0.4997625,0
0.4889982,0
0.4900688,0
0.46523544,0
0.45054036,0
0.45948845,0
0.46381488,0
0.490814,0
0.45101064,0
0.44383258,0
0.41087124,0
0.4454945,0
0.45188478,0
0.4801555,0
0.49516186,0
0.5180063,0
0.5557765,0
0.54278404,0
0.5640038,0
0.54499906,0
0.56509084,0
0.52999616,0
0.5335914,0
0.5276108,0
0.52081114,0
0.5102545,0
0.5090318,0
0.48705605,0
0.48708722,0
0.50305593,0
0.48872435,0
0.49291906,0
0.46614167,0
0.46168002,0
0.4799862,0
0.4706142,0
0.4429192,0
0.45440406,0
0.46377224,0
0.4696534,0
0.48157108,0
0.49124292,0
0.4871668,0
0.49315646,0
0.46699694,0
0.514863,0
0.54096764,0
0.55268574,0
0.5367879,0
0.52716345,0
0.5067903,0
0.50806993,0
0.51616067,0
0.5164612,0
0.51478904,0
0.4763614,0
0.45701337,0
0.44173488,0
0.48028097,0
0.48156562,0
0.46490702,0
0.5143656,0
0.5045414,0
0.51242244,0
0.5163927,0
0.5198044,0
0.5248511,0
0.53702927,0
0.51823664,0
0.5297273,0
0.53534126,0
0.46784076,0
0.47529492,0
0.45384428,0
0.44685498,0
0.44561222,0
0.4409583,0
0.4371023,0
0.44162652,0
0.42895335,0
0.42731202,0
0.4447713,0
0.47248828,0
0.46773776,0
0.4788822,0
0.47006646,0
0.49931428,0
0.5035642,0
0.49972063,0
0.5012938,0
0.5089035,0
0.5053627,0
0.47071722,0
0.49706805,0
0.5120046,0
0.52995956,0
0.50941014,0
0.5395379,0
0.5481035,0
0.5241806,0
0.5308673,0
0.5305852,0
0.5392738,0
0.5301035,0
0.5074801,0
0.49311545,0
0.53260905,0
0.4673643,0
0.45487148,0
0.46541196,0
0.46586955,0
0.4501262,0
0.44781253,0
0.46329626,0
0.47932765,0
0.47463638,0
0.44438073,0
0.44621786,0
0.4623787,0
0.46281275,0
0.45732972,0
0.4933767,0
0.5217945,0
0.49650544,0
0.48649785,0
0.4892161,0
0.47610822,0
0.48430938,0
0.46557006,0
0.47023726,0
0.46562737,0
0.4495154,0
0.41548383,0
0.41608843,0
0.44461983,0
0.43594992,0
0.44439256,0
0.4647875,0
0.4864737,0
0.47830614,0
0.48453623,0
0.48643333,0
0.51369244,0
0.51465446,0
0.48327827,0
0.46379143,0
0.49524942,0
0.4759751,0
0.47074544,0
0.48151234,0
0.50567603,0
0.4965385,0
0.46571308,0
0.4635076,0
0.47635818,0
0.49314317,0
0.49441633,0
0.47958425,0
0.47162727,0
0.48362923,0
0.44579452,0
0.4501849,0
0.4356417,0
0.4375533,0
0.43562928,0
0.43785536,0
0.4280218,0
0.41938663,0
0.40178773,0
0.39662796,0
0.39957637,0
0.39886925,0
0.41376212,0
0.42047402,0
0.42237934,0
0.43401632,0
0.42954206,0
0.45394027,0
0.46274456,0
0.49645787,0
0.52912617,0
0.5294404,0
0.52830416,0
0.53555673,0
0.5494366,0
0.55152774,0
0.56316864,0
0.5627911,0
0.60891896,0
0.5971036,0
0.5814255,0
0.5917916,0
0.57786936,0
0.5488108,0
0.5416181,0
0.5409743,0
0.5438798,0
0.56468135,0
0.5156529,0
0.4971234,0
0.4974048,0
0.4995994,0
0.5118372,0
0.5244207,0
0.51738435,0
0.48487586,0
0.49958822,0
0.46565685,0
0.46807265,0
0.45851105,0
0.44388506,0
0.43298948,0
0.41978326,0
0.42800733,0
0.43549076,0
0.4505686,0
0.438093,0
0.43440145,0
0.45184034,0
0.4603173,0
0.49348587,0
0.5069791,0
0.5124718,0
0.4944357,0
0.48877293,0
0.51316917,0
0.5223903,0
0.54273295,0
0.55039126,0
0.60180676,0
0.5751399,0
0.5591538,0
0.5527824,0
0.5593569,0
0.5469786,0
0.5532451,0
0.5418469,0
0.48783493,0
0.49524137,0
0.45897505,0
0.47504273,0
0.45422503,0
0.48401618,0
0.49236968,0
0.48837224,0
0.45563605,0
0.46851397,0
0.4709314,0
0.4800643,0
0.47240844,0
0.49068618,0
0.51471746,0
0.5090364,0
0.49958417,0
0.51504433,0
0.54594463,0
0.54791707,0
0.5520626,0
0.5280456,0
0.5285308,0
0.5242693,0
0.5069275,0
0.50331753,0
0.5202967,0
0.51913244,0
0.5030418,0
0.47830993,0
0.49075928,0
0.5237924,0
0.5166572,0
0.5548824,0
0.5621902,0
0.54665595,0
0.5413053,0
0.5896445,0
0.61892426,0
0.6621393,0
0.66614443,0
0.6617275,0
0.68999624,0
0.6571513,0
0.6527769,0
0.6625708,0
0.66462487,0
0.6166515,0
0.578566,0
0.54229003,0
0.53383565,0
0.53933597,0
0.5162439,0
0.5080209,0
0.50899065,0
0.4847132,0
0.46837407,0
0.49614444,0
0.4977291,0
0.49047258,0
0.5054271,0
0.4895261,0
0.49160093,0
0.46028057,0
0.45997864,0
0.4694149,0
0.5387451,0
0.51071787,0
0.53195256,0
0.55344385,0
0.5776494,0
0.5700665,0
0.59844553,0
0.60280895,0
0.6366537,0
0.63498175,0
0.5553829,0
0.5360687,0
0.5029204,0
0.5079869,0
0.4608938,0
0.45950574,0
0.46296775,0
0.48198745,0
0.4391053,0
0.4667895,0
0.4659754,0
0.46902892,0
0.49041253,0
0.4842186,0
0.499406,0
0.4953905,0
0.4772726,0
0.46859404,0
0.46091703,0
0.4388256,0
0.48997408,0
0.48795328,0
0.48997018,0
0.4908752,0
0.5014144,0
0.51903003,0
0.53248465,0
0.52682114,0
0.52426296,0
0.54617584,0
0.5013578,0
0.51968175,0
0.5131431,0
0.52726257,0
0.49983516,0
0.49444246,0
0.51659024,0
0.54451644,0
0.56461364,0
0.55393,0
0.57704055,0
0.55890703,0
0.5595349,0
0.54120076,0
0.56604147,0
0.53925884,0
0.50358677,0
0.46742454,0
0.4658242,0
0.47739413,0
0.46148437,0
0.48705506,0
0.46484482,0
0.46714243,0
0.46557972,0
0.46810287,0
0.49006674,0
0.49392083,0
0.47955954,0
0.48307982,0
0.49543828,0
0.4871195,0
0.5085587,0
0.5061365,0
0.49691832,0
0.50172186,0
0.48157492,0
0.5169521,0
0.49468324,0
0.46792266,0
0.47996402,0
0.4989305,0
0.4813541,0
0.48975515,0
0.5059498,0
0.5338471,0
0.52753377,0
0.5124716,0
0.52920526,0
0.5522108,0
0.52515596,0
0.51163864,0
0.54498726,0
0.5234876,0
0.5395369,0
0.5223419,0
0.54846823,0
0.53470516,0
0.5106171,0
0.5002844,0
0.5139662,0
0.489259,0
0.46555865,0
0.5011922,0
0.49564683,0
0.49242267,0
0.4700352,0
0.5198388,0
0.53306067,0
0.51850706,0
0.49176213,0
0.5133531,0
0.5276355,0
0.51509607,0
0.5042382,0
0.49355337,0
0.5125987,0
0.45557156,0
0.46516904,0
0.5215194,0
0.52998066,0
0.5276849,0
0.49167663,0
0.49285242,0
0.4777792,0
0.47756872,0
0.47729135,0
0.49374795,0
0.49435303,0
0.4383205,0
0.45389685,0
0.45442832,0
0.46675652,0
0.48572075,0
0.48762527,0
0.51952106,0
0.5113842,0
0.50773454,0
0.4930323,0
0.5137225,0
0.50758374,0
0.4916038,0
0.4867609,0
0.47361907,0
0.4946729,0
0.4876895,0
0.52388495,0
0.5223812,0
0.5468672,0
0.5417802,0
0.5338065,0
0.5591044,0
0.59203225,0
0.60784197,0
0.5805465,0
0.56600964,0
0.551003,0
0.53732127,0
0.52148527,0
0.50536686,0
0.5186076,0
0.49553254,0
0.4685914,0
0.4515206,0
0.4611487,0
0.43601444,0
0.42306206,0
0.4600118,0
0.4574445,0
0.46850133,0
0.47186747,0
0.47827178,0
0.46322224,0
0.46227297,0
0.4797855,0
0.48438707,0
0.49031433,0
0.45542276,0
0.44157985,0
0.43973592,0
0.42262143,0
0.41126913,0
0.4551071,0
0.45066425,0
0.43209332,0
0.4467859,0
0.43574932,0
0.45889163,0
0.46453157,0
0.46818012,0
0.48518652,0
0.5190815,0
0.49081615,0
0.51833427,0
0.57251203,0
0.5749244,0
0.56611437,0
0.55760276,0
0.5649478,0
0.60488266,0
0.5883831,0
0.5678875,0
0.5663992,0
0.554152,0
0.50406873,0
0.5235521,0
0.5696708,0
0.5686523,0
0.5652454,0
0.5246888,0
0.5244269,0
0.5020509,0
0.49762523,0
0.5036506,0
0.4888491,0
0.44951794,0
0.42088842,0
0.41573644,0
0.41544542,0
0.39827964,0
0.4239918,0
0.47370213,0
0.49317178,0
0.5030572,0
0.5420787,0
0.54976183,0
0.5509441,0
0.5569794,0
0.56033903,0
0.55758727,0
0.5489104,0
0.49692947,0
0.483783,0
0.4616867,0
0.4364372,0
0.43295643,0
0.44332203,0
0.4131384,0
0.44149327,0
0.43390432,0
0.44926932,0
0.47177234,0
0.46745637,0
0.46685514,0
0.46377218,0
0.47846702,0
0.47590685,0
0.50495756,0
0.49638453,0
0.5003538,0
0.54083365,0
0.5212845,0
0.5212096,0
0.56353503,0
0.56875175,0
0.56075734,0
0.5551634,0
0.534564,0
0.5204977,0
0.52534163,0
0.50368917,0
0.52312595,0
0.5576003,0
0.51667714,0
0.4965955,0
0.48029834,0
0.48346964,0
0.48504093,0
0.47948885,0
0.47071046,0
0.4437513,0
0.45961514,0
0.41223812,0
0.41302168,0
0.4012869,0
0.38547578,0
0.36885813,0
0.38011625,0
0.38123465,0
0.3969358,0
0.39335844,0
0.37421694,0
0.3682304,0
0.37697205,0
0.37855664,0
0.4010029,0
0.42333874,0
0.4059832,0
0.41065928,0
0.40364116,0
0.38843176,0
0.40159166,0
0.40591323,0
0.40301606,0
0.44746813,0
0.43917447,0
0.42025027,0
0.442138,0
0.43925655,0
0.482338,0
0.48496822,0
0.4952869,0
0.5007459,0
0.5087049,0
0.47335154,0
0.484586,0
0.49927682,0
0.5133247,0
0.51369643,0
0.48757425,0
0.49341464,0
0.47687086,0
0.48789364,0
0.47950792,0
0.47731945,0
0.48178026,0
0.49998245,0
0.47785488,0
0.4823339,0
0.48846826,0
0.5027463,0
0.5120183,0
0.5032693,0
0.5309993,0
0.55135715,0
0.5210946,0
0.5141135,0
0.5245801,0
0.5223262,0
0.5222272,0
0.529924,0
0.5126465,0
0.510479,0
0.47931558,0
0.4823429,0
0.50489867,0
0.47677478,0
0.4793787,0
0.4912719,0
0.4798512,0
0.44897816,0
0.46055236,0
0.46060866,0
0.48110503,0
0.46174687,0
0.45541212,0
0.4505208,0
0.45222297,0
0.43102607,0
0.43694374,0
0.4549427,0
0.47134903,0
0.48528743,0
0.46584815,0
0.4837998,0
0.5086705,0
0.54019994,0
0.5137018,0
0.5398831,0
0.5132656,0
0.501035,0
0.48106804,0
0.48893473,0
0.49114072,0
0.5043191,0
0.5265494,0
0.5070554,0
0.5148078,0
0.48960128,0
0.49011418,0
0.51573414,0
0.5082375,0
0.513931,0
0.533291,0
0.52612185,0
0.54753184,0
0.5348476,0
0.551133,0
0.5830037,0
0.59916306,0
0.59122294,0
0.5931708,0
0.581408,0
0.5675962,0
0.5644971,0
0.5124555,0
0.53356594,0
0.5413302,0
0.50620985,0
0.4772821,0
0.5008512,0
0.54844296,0
0.53940386,0
0.53774434,0
0.53020185,0
0.5175928,0
0.50527686,0
0.4834302,0
0.49046478,0
0.50557077,0
0.4718508,0
0.4273616,0
0.44427136,0
0.43321723,0
0.46138754,0
0.4368472,0
0.4572173,0
0.48713145,0
0.48715228,0
0.5053522,0
0.5178464,0
0.51722544,0
0.5143041,0
0.5166118,0
0.48877516,0
0.5168733,0
0.4923191,0
0.5209792,0
0.574606,0
0.5668379,0
0.57280326,0
0.57714254,0
0.5674574,0
0.5902905,0
0.59059936,0
0.59318703,0
0.5932655,0
0.5640685,0
0.5058807,0
0.5010571,0
0.4912422,0
0.48862308,0
0.48751417,0
0.47722957,0
0.47210723,0
0.4616087,0
0.47203144,0
0.46364346,0
0.46192813,0
0.47711837,0
0.46712428,0
0.4457114,0
0.4306421,0
0.42668802,0
0.4467035,0
0.4665652,0
0.4422017,0
0.46264583,0
0.49272704,0
0.4853353,0
0.5327769,0
0.55915505,0
0.55445695,0
0.58516145,0
0.60935175,0
0.59616303,0
0.6447899,0
0.6320959,0
0.6112728,0
0.61136293,0
0.5505358,0
0.5348928,0
0.5439834,0
0.5239499,0
0.47204736,0
0.47894445,0
0.4373784,0
0.41371605,0
0.40218034,0
0.39295483,0
0.4518741,0
0.44841236,0
0.43610868,0
0.4698044,0
0.47921365,0
0.49898764,0
0.50343543,0
0.52762747,0
0.5352992,0
0.5346532,0
0.48162803,0
0.50725067,0
0.50804365,0
0.4861778,0
0.48225522,0
0.44273502,0
0.43614864,0
0.45764017,0
0.47216344,0
0.49149665,0
0.5148068,0
0.49232924,0
0.4978492,0
0.5030462,0
0.5273123,0
0.53077996,0
0.52383786,0
0.53766966,0
0.528771,0
0.5025187,0
0.49532673,0
0.5202195,0
0.5085271,0
0.4834745,0
0.4767721,0
0.50980794,0
0.53955024,0
0.48763087,0
0.48877496,0
0.48659137,0
0.47016662,0
0.4638985,0
0.49032083,0
0.50371414,0
0.5012493,0
0.49174958,0
0.4871403,0
0.51793236,0
0.5110583,0
0.5037589,0
0.51545936,0
0.49902043,0
0.4822795,0
0.48285472,0
0.5334729,0
0.5716435,0
0.5703803,0
0.5516147,0
0.5787895,0
0.5909451,0
0.60470605,0
0.6128869,0
0.6062948,0
0.61096406,0
0.583048,0
0.5465351,0
0.55313957,0
0.55596554,0
0.55759996,0
0.56399477,0
0.53298235,0
0.51240826,0
0.5057227,0
0.50202376,0
0.49651346,0
0.49832597,1
0.50547856,1
0.59143674,1
0.5830924,1
0.6141092,1
0.66522044,1
0.7091099,1
0.7586993,1
0.77235115,1
0.8045795,1
0.8155684,1
0.82726234,1
0.77047414,1
0.7773171,1
0.75151646,1
0.7404896,1
0.7333608,1
0.73464155,1
0.78431606,1
0.7645499,1
0.75599194,1
0.7309409,1
0.76208645,1
0.74161166,1
0.71532005,1
0.68422824,1
0.69941294,1
0.6980259,1
0.65779704,1
0.6457948,1
0.67582536,1
0.67093426,1
0.6013689,0
0.60938805,0
0.60867304,0
0.60120976,0
0.5813396,0
0.58632463,0
0.57809687,0
0.59342366,0
0.53502125,0
0.51520973,0
0.5348324,0
0.5485535,0
0.5593048,0
0.5631809,0
0.5069355,0
0.49707258,0
0.5109613,0
0.5119,0
0.5394567,0
0.52842396,0
0.50924593,0
0.5189647,0
0.50308484,0
0.5257013,0
0.52454185,0
0.5054899,0
0.49310783,0
0.49811363,0
0.49117672,0
0.50202024,0
0.49650884,0
0.44823855,0
0.4649776,0
0.47707996,0
0.48158222,0
0.48247543,0
0.5007536,0
0.4777156,0
0.4894681,0
0.50279236,0
0.5064135,0
0.547031,0
0.57071215,0
0.53736115,0
0.544905,0
0.5333582,0
0.5401891,0
0.5698019,0
0.5291661,0
0.52446485,0
0.5587049,0
0.5274427,0
0.4844849,0
0.5299182,0
0.5321498,0
0.51883274,0
0.5011444,0
0.48386097,0
0.4943027,0
0.5267272,0
0.5037136,0
0.55422825,0
0.58241266,0
0.5462668,0
0.5370844,0
0.55409586,0
0.5801905,0
0.5638897,0
0.5652906,0
0.53117627,0
0.5468992,0
0.5226646,0
0.49479622,0
0.4949913,0
0.4990582,0
0.48826084,0
0.4964538,0
0.5052437,0
0.5048499,0
0.4967415,0
0.47456977,0
0.4476141,0
0.47457147,0
0.47781745,0
0.47772703,0
0.47396517,0
0.48468393,0
0.46444428,0
0.47096148,0
0.47403345,0
0.48838735,0
0.4696716,0
0.4907695,0
0.4890819,0
0.5113254,0
0.4972879,0
0.45709726,0
0.44593042,0
0.43409392,0
0.43727684,0
0.43284822,0
0.44854242,0
0.44343176,0
0.4530026,0
0.45400047,0
0.4539771,0
0.48086506,0
0.4930749,0
0.49703196,0
0.48225918,0
0.47226107,0
0.4564959,0
0.4244622,0
0.4436861,0
0.42630777,0
0.4171733,0
0.40116358,0
0.41986027,0
0.46508685,0
0.49167362,0
0.5158478,0
0.5191583,0
0.57473487,0
0.55781007,0
0.58134156,0
0.6052696,0
0.59853387,0
0.58359456,0
0.56053793,0
0.5507238,0
0.5239465,0
0.54016304,0
0.48564744,0
0.49526227,0
0.45525312,0
0.45668766,0
0.45082897,0
0.45132196,0
0.43338773,0
0.44799036,0
0.4456051,0
0.4570952,0
0.47537217,0
0.44842935,0
0.45620355,0
0.4842206,0
0.47404444,0
0.49308696,0
0.52030116,0
0.511664,0
0.5196822,0
0.50671226,0
0.49378833,0
0.5155716,0
0.53572744,0
0.51428485,0
0.50914764,0
0.55120176,0
0.52793264,0
0.5308148,0
0.5277688,0
0.5349977,0
0.52763575,0
0.49375355,0
0.47390893,0
0.4745622,0
0.48629358,0
0.41515407,0
0.45310587,0
0.47748414,0
0.47412348,0
0.4664626,0
0.47799146,0
0.50921625,0
0.4990348,0
0.49032807,0
0.5216914,0
0.539675,0
0.49964717,0
0.48732013,0
0.52438086,0
0.5461131,0
0.5434618,0
0.50917995,0
0.5123125,0
0.50816745,0
0.48869708,0
0.48973984,0
0.5092136,0
0.50192124,0
0.4682565,0
0.47720584,0
0.46660015,0
0.4812379,0
0.47808322,0
0.48748136,0
0.48604116,0
0.50493824,0
0.5034306,0
0.4994806,0
0.4979189,0
0.51486343,0
0.53347874,0
0.5666446,0
0.58843637,0
0.61389476,0
0.58466846,0
0.5729559,0
0.55781394,0
0.56499326,0
0.5804365,0
0.5393784,0
0.5366337,0
0.51056707,0
0.49361008,0
0.43180442,0
0.434029,0
0.43823323,0
0.46163875,0
0.4668158,0
0.43439174,0
0.46648905,0
0.4980633,0
0.50570863,0
0.51947325,0
0.55576247,0
0.54189146,0
0.539752,0
0.5339702,0
0.5297262,0
0.52643466,0
0.5091155,0
0.48347056,0
0.51844746,0
0.51908344,0
0.50310963,0
0.52039546,0
0.53801537,0
0.5079928,0
0.49984428,0
0.5221818,0
0.51471084,0
0.54063815,0
0.53316355,0
0.5193731,0
0.5100111,0
0.5412917,0
0.535903,0
0.5425077,0
0.5488861,0
0.5383779,0
0.5553075,0
0.53289866,0
0.49519825,0
0.5207613,0
0.5102426,0
0.48423454,0
0.4685148,0
0.46961004,0
0.5006282,0
0.48789874,0
0.504547,0
0.5060926,0
0.49880555,0
0.4519132,0
0.49169225,0
0.5073585,0
0.54301816,0
0.54990804,0
0.5219643,0
0.51783913,0
0.5314374,0
0.53220654,0
0.52722067,0
0.5347534,0
0.5117146,0
0.48156476,0
0.46978283,0
0.45832404,0
0.45628762,0
0.46888253,0
0.43501428,0
0.4418888,0
0.44634274,0
0.43877578,0
0.4317939,0
0.41317508,0
0.41190553,0
0.43681523,0
0.45130834,0
0.42114002,0
0.44209182,0
0.4459793,0
0.48008993,0
0.48770812,0
0.5189558,0
0.5281214,0
0.526375,0
0.5298321,0
0.5268806,0
0.5345558,0
0.52096075,0
0.54238886,0
0.509041,0
0.5039311,0
0.5039561,0
0.5117379,0
0.5020753,0
0.4845814,0
0.47039887,0
0.48412773,0
0.46879017,0
0.43656787,0
0.47698656,0
0.5069959,0
0.4897651,0
0.48665452,0
0.5215402,0
0.5151607,0
0.54337186,0
0.53675395,0
0.5424788,0
0.56796885,0
0.54218656,0
0.53327394,0
0.5361932,0
0.5365553,0
0.54318315,0
0.5550859,0
0.5472852,0
0.5401577,0
0.56523925,0
0.54094803,0
0.519998,0
0.5016468,0
0.52485406,0
0.52651054,0
0.521432,0
0.5162217,0
0.5128001,0
0.54026264,0
0.5336233,0
0.52882636,0
0.5075511,0
0.509359,0
0.4741445,0
0.45698947,0
0.41690448,0
0.4338498,0
0.4227551,0
0.4223736,0
0.4072346,0
0.4092886,0
0.45541382,0
0.4881323,0
0.50290966,0
0.51405245,0
0.50560397,0
0.48963615,0
0.48602238,0
0.50697505,0
0.5081757,0
0.5235195,0
0.49246693,0
0.4602621,0
0.4558024,0
0.43531692,0
0.45886785,0
0.46604407,0
0.46918288,0
0.4393788,0
0.50013113,0
0.48505217,0
0.49350154,0
0.5240476,0
0.5185324,0
0.54147786,0
0.54173267,0
0.5329243,0
0.5582504,0
0.53728926,0
0.48550096,0
0.48216346,0
0.4983371,0
0.4805468,0
0.47157404,0
0.47525692,0
0.48838994,0
0.48585021,0
0.48254672,0
0.49895546,0
0.48768863,0
0.50974387,0
0.47268167,0
0.47670653,0
0.49444836,0
0.5056382,0
0.47777754,0
0.49467868,0
0.47347054,0
0.47170928,0
0.46906552,0
0.45949495,0
0.50957084,0
0.52509016,0
0.52763176,0
0.5255382,0
0.51344544,0
0.4998122,0
0.50253433,0
0.5159592,0
0.53271145,0
0.5608064,0
0.5273991,0
0.48168033,0
0.49701783,0
0.48397407,0
0.4988474,0
0.5017121,0
0.52548844,0
0.4975712,0
0.5180563,0
0.4941243,0
0.5135292,0
0.5374844,0
0.53875285,0
0.5104486,0
0.5100223,0
0.50647837,0
0.4868566,0
0.47239745,0
0.4401776,0
0.44773963,0
0.44547537,0
0.44039127,0
0.42605963,0
0.4461056,0
0.4325088,0
0.4194029,0
0.43413168,0
0.4523862,0
0.4612927,0
0.46301726,0
0.44806576,0
0.43987826,0
0.43624315,0
0.4545585,0
0.45869407,0
0.46141717,0
0.45941246,0
0.4547898,0
0.44565466,0
0.44704264,0
0.4560876,0
0.4563209,0
0.44980872,0
0.41520977,0
0.43412602,0
0.42195675,0
0.41407752,0
0.4303725,0
0.45205596,0
0.46114707,0
0.4694037,0
0.4943976,0
0.5091735,0
0.5289103,0
0.51239675,0
0.5277928,0
0.5324671,0
0.54161656,0
0.5325538,0
0.5243118,0
0.49326906,0
0.47533342,0
0.48718426,0
0.50205916,0
0.509077,0
0.50101113,0
0.5036388,0
0.4620774,0
0.44854775,0
0.459625,0
0.48725432,0
0.48440906,0
0.47422352,0
0.4457297,0
0.48058903,0
0.4855222,0
0.46937197,0
0.4764961,0
0.49827507,0
0.5047883,0
0.49324685,0
0.47941077,0
0.47617018,0
0.4992146,0
0.46483222,0
0.46057922,0
0.5018689,0
0.5130101,0
0.5030225,0
0.49925846,0
0.49187517,0
0.5253642,0
0.5215369,0
0.5239159,0
0.5337282,0
0.55996835,0
0.5252083,0
0.5138293,0
0.51566577,0
0.5028416,0
0.5039052,0
0.47634304,0
0.469785,0
0.4799944,0
0.48436067,0
0.47640482,0
0.49389198,0
0.49089906,0
0.46420267,0
0.4611955,0
0.47690383,0
0.49516466,0
0.49978238,0
0.47357303,0
0.47793174,0
0.45647544,0
0.4509281,0
0.45072833,0
0.4488146,0
0.48802626,0
0.46406347,0
0.45690382,0
0.4885138,0
0.5279239,0
0.54902476,0
0.5440453,0
0.53960717,0
0.55626047,0
0.5768686,0
0.567123,0
0.59217936,0
0.61357594,0
0.58073044,0
0.5672752,0
0.5543782,0
0.5645617,0
0.5578996,0
0.55349874,0
0.5492507,0
0.5537503,0
0.53671306,0
0.52078813,0
0.5378933,0
0.5306824,0
0.506203,0
0.5047196,0
0.5522496,0
0.5750756,0
0.5751031,0
0.5411856,0
0.56340176,0
0.5736186,0
0.5681578,0
0.5478786,0
0.5668079,0
0.55244035,0
0.5097195,0
0.5033163,0
0.4731878,0
0.47681713,0
0.47002172,0
0.47660273,0
0.4906413,0
0.49943462,0
0.49016312,0
0.5157914,0
0.5308068,0
0.48863572,0
0.5024603,0
0.5001609,0
0.4868919,0
0.47873563,0
0.4585984,0
0.49236342,0
0.51373357,0
0.48790962,0
0.47060475,0
0.48011535,0
0.48422205,0
0.4968335,0
0.49391425,0
0.47656763,0
0.49633232,0
0.4907288,0
0.5038199,0
0.5392351,0
0.58561623,0
0.5690075,0
0.5593456,0
0.5368447,0
0.53749114,0
0.5260347,0
0.4868005,0
0.4639001,0
0.42941147,0
0.39950642,0
0.34282804,0
0.40302688,0
0.42930743,0
0.45756072,0
0.47543535,0
0.52245295,0
0.52777463,0
0.5415427,0
0.5479851,0
0.5428326,0
0.56146866,0
0.5235772,0
0.50776416,0
0.5063315,0
0.5214053,0
0.48010933,0
0.49536595,0
0.50591457,0
0.49391457,0
0.51177824,0
0.50796586,0
0.5232836,0
0.53635114,0
0.5245996,0
0.5023644,0
0.5309631,0
0.5276514,0
0.5120251,0
0.5269934,0
0.5317407,0
0.53527284,0
0.5176708,0
0.48068556,0
0.49379542,0
0.48634323,0
0.4624383,0
0.48155022,0
0.47101006,0
0.45900172,0
0.4414107,0
0.44219902,0
0.44245192,0
0.4710104,0
0.46053845,0
0.4568423,0
0.4668717,0
0.47565526,0
0.47066435,0
0.48022693,0
0.49352267,0
0.49704465,0
0.5143937,0
0.48435342,0
0.5101347,0
0.5321802,0
0.517178,0
0.50047356,0
0.54865515,0
0.5655668,0
0.54818404,0
0.5458899,0
0.57990986,0
0.5964814,0
0.57311994,0
0.5838976,0
0.5744607,0
0.57786465,0
0.5429487,0
0.52541214,0
0.55760014,0
0.56394494,0
0.52805257,0
0.5430363,0
0.5432664,0
0.5276429,0
0.538614,0
0.5343333,0
0.52377456,0
0.522201,0
0.4838734,0
0.4802883,0
0.477226,0
0.45006844,0
0.4753807,0
0.4531993,0
0.44542706,0
0.42258573,0
0.4158998,0
0.4265007,0
0.45145518,0
0.44516012,0
0.44409233,0
0.4549367,0
0.46104887,0
0.46726477,0
0.47135517,0
0.4938496,0
0.5278195,0
0.5313359,0
0.55286616,0
0.55659074,0
0.5709298,0
0.5562235,0
0.52756107,0
0.51292384,0
0.5327081,0
0.53048486,0
0.5223466,0
0.52009284,0
0.49020192,0
0.4743616,0
0.43907365,0
0.45090523,0
0.45688328,0
0.46364674,0
0.47245252,0
0.47139615,0
0.4868929,0
0.5022429,0
0.50083846,0
0.49937177,0
0.5121036,0
0.50250536,0
0.49020767,0
0.51126105,0
0.52779526,0
0.5048831,0
0.4380966,0
0.47608882,0
0.47273138,0
0.4815404,0
0.47978312,0
0.4784761,0
0.5049052,0
0.47261423,0
0.44490942,0
0.4416274,0
0.43940273,0
0.39299238,0
0.39254537,0
0.39294007,0
0.40358394,0
0.40047485,0
0.37131187,0
0.40964958,0
0.4168115,0
0.44134545,0
0.4598993,0
0.4601416,0
0.45821875,0
0.45082614,0
0.4661734,0
0.45970395,0
0.46807656,0
0.44091266,0
0.4268603,0
0.4208048,0
0.41015443,0
0.4212298,0
0.4317244,0
0.45222747,0
0.46656635,0
0.48860154,0
0.5083938,0
0.5105311,0
0.5284533,0
0.53939426,0
0.54402566,0
0.55663174,0
0.56749994,0
0.56302327,0
0.5386927,0
0.538307,0
0.50897855,0
0.5250114,0
0.51194865,0
0.47591493,0
0.4726239,0
0.45061085,0
0.4285367,0
0.40329823,0
0.40170586,0
0.41673186,0
0.43051544,0
0.42290965,0
0.4514541,0
0.4939339,0
0.4921359,0
0.49882087,0
0.53762716,0
0.5511956,0
0.53452885,0
0.51757586,0
0.5241817,0
0.527797,0
0.5390514,0
0.50457823,0
0.50821656,0
0.505245,0
0.46617284,0
0.4646919,0
0.46956095,0
0.4588184,0
0.46475226,0
0.47140557,0
0.44120952,0
0.4492789,0
0.46810478,0
0.4725865,0
0.48306313,0
0.49300143,0
0.49376827,0
0.4783436,0
0.4643186,0
0.48282138,0
0.47818044,0
0.4595025,0
0.44367045,0
0.45741352,0
0.47364995,0
0.4622617,0
0.4494068,0
0.47168946,0
0.48563638,0
0.45999974,0
0.46215156,0
0.45936152,0
0.4503607,0
0.42682737,0
0.41244203,0
0.4193612,0
0.41724944,0
0.44088832,0
0.43612665,0
0.4506484,0
0.46704042,0
0.46471223,0
0.47726533,0
0.4813936,0
0.4975488,0
0.5441944,0
0.571064,0
0.5440801,0
0.56210876,0
0.5479176,0
0.56817526,0
0.5662046,0
0.5649892,0
0.58648485,0
0.59138674,0
0.59848136,0
0.5740937,0
0.57235163,0
0.58248425,0
0.59598094,0
0.5661473,0
0.5665228,0
0.5473256,0
0.50920254,0
0.51661915,0
0.46731508,0
0.49102604,0
0.51049143,0
0.51372975,0
0.49183658,0
0.49513844,0
0.52812856,0
0.5503429,0
0.579126,0
0.5690384,0
0.5493222,0
0.56563663,0
0.5703408,0
0.53902334,0
0.5576686,0
0.5760316,0
0.5692823,0
0.53732944,0
0.5600479,0
0.58648574,0
0.59543544,0
0.5447755,0
0.5264931,0
0.5364032,0
0.5218214,0
0.5009908,0
0.48223057,0
0.49514878,0
0.43574807,0
0.4426812,0
0.43665794,0
0.4472847,0
0.4460524,0
0.47748446,0
0.46371055,0
0.4784618,0
0.49041677,0
0.4792362,0
0.5080592,0
0.5049054,0
0.5251289,0
0.52853405,0
0.5306844,0
0.50069004,0
0.5206385,0
0.51323295,0
0.50749004,0
0.52476716,0
0.5100995,0
0.4811472,0
0.4780268,0
0.5089553,0
0.5136588,0
0.50247777,0
0.48789805,0
0.49477884,0
0.49103552,0
0.49538934,0
0.4807655,0
0.50445956,0
0.4838048,0
0.45599535,0
0.46009007,0
0.4911774,0
0.49084207,0
0.47867766,0
0.49425584,0
0.48659453,0
0.5118446,0
0.515003,0
0.54017293,0
0.53223896,0
0.5606465,0
0.54150224,0
0.5520618,0
0.5516128,0
0.5389155,0
0.53790945,0
0.49846655,0
0.4899846,0
0.4791814,0
0.46946225,0
0.47772455,0
0.4571917,0
0.4781372,0
0.48361453,0
0.4823042,0
0.46218008,0
0.50062346,0
0.51113135,0
0.52918977,0
0.5363706,0
0.495929,0
0.5138526,0
0.53541714,0
0.5465287,0
0.5452868,0
0.5603224,0
0.5327258,0
0.51279527,0
0.4843129,0
0.48786664,0
0.5071522,0
0.48635745,0
0.43578458,0
0.46661866,0
0.4658801,0
0.4929939,0
0.49479145,0
0.47027135,0
0.4846003,0
0.47473127,0
0.46543282,0
0.46405342,0
0.4794529,0
0.46468365,0
0.4604013,0
0.4627722,0
0.4711949,0
0.48952568,0
0.48418155,0
0.48678926,0
0.4833021,0
0.4821772,0
0.47621208,0
0.46252307,0
0.47120082,0
0.44755867,0
0.43215168,0
0.42810947,0
0.4490004,0
0.45355096,0
0.44980243,0
0.46118617,0
0.45521706,0
0.4670943,0
0.4576591,0
0.46353364,0
0.47868702,0
0.4767958,0
0.46756607,0
0.46353963,0
0.47342697,0
0.4643797,0
0.4622622,0
0.48613867,0
0.49853003,0
0.47401202,0
0.4770967,0
0.48130125,0
0.4960145,0
0.51916736,0
0.5234438,0
0.5331456,0
0.5323134,0
0.48078126,0
0.48378593,0
0.5005463,0
0.49309632,0
0.4808965,0
0.46709353,0
0.43339288,0
0.4124056,0
0.39177683,0
0.4224282,0
0.41880223,0
0.40774116,0
0.41487715,0
0.39281985,0
0.3938091,0
0.387266,0
0.40604818,0
0.4128601,0
0.40948954,0
0.42203972,0
0.45226678,0
0.4564062,0
0.4834784,0
0.49400333,0
0.50513184,0
0.49450287,0
0.51888585,0
0.5157493,0
0.5239672,0
0.49156007,0
0.4635555,0
0.45507783,0
0.4336749,0
0.4507175,0
0.44991904,0
0.48129869,0
0.43844625,0
0.45596188,0
0.44525257,0
0.48767304,0
0.49480796,0
0.48180506,0
0.467165,0
0.49878305,0
0.49275535,0
0.4576995,0
0.49877235,0
0.5032061,0
0.49285713,0
0.4653212,0
0.4910313,0
0.53034747,0
0.5236294,0
0.4818459,0
0.4848395,0
0.5131356,0
0.47840092,0
0.50752324,0
0.53643966,0
0.5309239,0
0.5201833,0
0.49367854,0
0.5042748,0
0.50130063,0
0.5191312,0
0.49221957,0
0.50580096,0
0.48609656,0
0.48272988,0
0.47617728,0
0.45660254,0
0.48286718,0
0.48277208,0
0.47811872,0
0.47511882,0
0.48059642,0
0.46571332,0
0.43620113,0
0.4416439,0
0.4470105,0
0.46221098,0
0.42237836,0
0.41827512,0
0.43491724,0
0.42091218,0
0.43022513,0
0.4299248,0
0.44131616,0
0.45717493,0
0.49126878,0
0.49653462,0
0.508616,0
0.50063384,0
0.48006168,0
0.48982385,0
0.47488567,0
0.47991908,0
0.46242374,0
0.45686918,0
0.43384072,0
0.4220979,0
0.43787557,0
0.43373665,0
0.44567865,0
0.4351998,0
0.4444669,0
0.44278625,0
0.4778143,0
0.48363054,0
0.47664723,0
0.52329654,0
0.49668673,0
0.51112145,0
0.50182354,0
0.5255393,0
0.52475005,0
0.55816185,0
0.52941924,0
0.4960005,0
0.5454619,0
0.50811964,0
0.5046514,0
0.50768846,0
0.5067757,0
0.47471166,0
0.4775567,0
0.4767696,0
0.50982934,0
0.52466947,0
0.50781894,0
0.5043416,0
0.52005386,0
0.5064739,0
0.55048966,0
0.5888213,0
0.60167843,0
0.6006472,0
0.5979206,0
0.58764905,0
0.5772907,0
0.5890462,0
0.57248163,0
0.5730669,0
0.53187096,0
0.49311286,0
0.4690449,0
0.4494799,0
0.4150361,0
0.4185515,0
0.40917194,0
0.39957377,0
0.41150993,0
0.42731082,0
0.4397764,0
0.46282902,0
0.46325532,0
0.44923684,0
0.44866344,0
0.47305498,0
0.46583185,0
0.47067493,0
0.46136662,0
0.43367568,0
0.4291764,0
0.38885918,0
0.3936242,0
0.43267938,0
0.4544336,0
0.43072855,0
0.4419856,0
0.43708506,0
0.4532793,0
0.4572233,0
0.4840161,0
0.5211826,0
0.52114487,0
0.525249,0
0.5064615,0
0.53719276,0
0.51178247,0
0.5057298,0
0.4826429,0
0.48015815,0
0.49067074,0
0.48088157,0
0.49165186,0
0.4947771,0
0.47933823,0
0.4690713,0
0.4977535,0
0.48790717,0
0.49642313,0
0.49682078,0
0.47767445,0
0.4620914,0
0.47284666,0
0.45956025,0
0.49305737,0
0.5277592,0
0.51273555,0
0.5348051,0
0.52160317,0
0.5182434,0
0.5240616,0
0.53375304,0
0.53089523,0
0.5084724,0
0.4765292,0
0.4198993,0
0.40864298,0
0.38247606,0
0.4002914,0
0.40855476,0
0.3951144,0
0.39588383,0
0.39957213,0
0.42033795,0
0.44376045,0
0.4721177,0
0.47078392,0
0.47850358,0
0.50222707,0
0.5004439,0
0.5445349,0
0.5511954,0
0.5886725,0
0.5626344,0
0.54333746,0
0.53761554,0
0.5563679,0
0.5593944,0
0.53093576,0
0.52641624,0
0.49675947,0
0.47915667,0
0.46373126,0
0.4842519,0
0.5005352,0
0.49954346,0
0.48246136,0
0.4943416,0
0.48085982,0
0.463854,0
0.45169768,0
0.45804265,0
0.4591157,0
0.47153038,0
0.49380153,0
0.48825777,0
0.48319635,0
0.509843,1
0.54093593,1
0.62733805,1
0.6672799,1
0.7308238,1
0.7708954,1
0.8102009,1
0.8292676,1
0.9173231,1
0.9660974,1
0.99935657,1
1.0022862,1
1.0257864,1
1.0329529,1
0.99336267,1
1.0207529,1
1.0453967,1
1.0485796,1
1.0148513,1
0.9832539,1
0.89270383,1
0.8973593,1
0.8379927,1
0.8059835,1
0.8052151,1
0.75532085,1
0.68489784,1
0.6755902,1
0.5945967,1
0.6092334,0
0.63010126,0
0.6013616,0
0.57810533,0
0.5557953,0
0.5533603,0
0.55321664,0
0.57063234,0
0.53835785,0
0.55279636,0
0.5128696,0
0.49202093,0
0.495888,0
0.5105816,0
0.5138577,0
0.5111662,0
0.50221103,0
0.46401554,0
0.48446274,0
0.45096362,0
0.46151546,0
0.46858156,0
0.4865849,0
0.47819775,0
0.47707012,0
0.51246643,0
0.53519803,0
0.5382676,0
0.5550286,0
0.56595623,0
0.55865645,0
0.5745851,0
0.5310049,0
0.52080864,0
0.5402726,0
0.49754214,0
0.48760933,0
0.49341685,0
0.4962956,0
0.5027756,0
0.52083653,0
0.4949101,0
0.50537395,0
0.50160944,0
0.513463,0
0.5414281,0
0.50965744,0
0.5356148,0
0.46956554,0
0.48263386,0
0.49884862,0
0.5043928,0
0.5028092,0
0.5118928,0
0.49871984,0
0.4743025,0
0.4850482,0
0.4887615,0
0.4898923,0
0.50594157,0
0.49456686,0
0.5078576,0
0.50387865,0
0.5298204,0
0.5790311,0
0.61885655,0
0.6459128,0
0.6331303,0
0.6589822,0
